email,password,role
nicholas.irwin@example.net,|jqhtrj,student
john.schneider@example.net,|jqhtrj,student
maria.ross@example.net,|jqhtrj,student
hmoore@example.net,|jqhtrj,student
garciamario@example.net,|jqhtrj,student
paulmccullough@example.org,|jqhtrj,student
zgonzalez@example.net,|jqhtrj,student
harperjohn@example.org,|jqhtrj,student
gerald06@example.org,|jqhtrj,student
kurt25@example.org,|jqhtrj,student
sanchezcindy@example.org,|jqhtrj,student
lawrencekimberly@example.com,|jqhtrj,student
evansjose@example.net,|jqhtrj,student
carrsierra@example.net,|jqhtrj,student
kennethwilliams@example.net,|jqhtrj,student
pgordon@example.net,|jqhtrj,student
vasquezgregory@example.org,|jqhtrj,student
sherry74@example.org,|jqhtrj,student
bbailey@example.org,|jqhtrj,student
heathmary@example.org,|jqhtrj,student
edwardwhite@example.com,|jqhtrj,student
brandonhayden@example.net,|jqhtrj,student
colekelly@example.org,|jqhtrj,student
robertmora@example.org,|jqhtrj,student
brian18@example.net,|jqhtrj,student
mooreantonio@example.net,|jqhtrj,student
maria55@example.net,|jqhtrj,student
apearson@example.org,|jqhtrj,student
xallen@example.com,|jqhtrj,student
hudsondorothy@example.com,|jqhtrj,student
nblair@example.com,|jqhtrj,student
zyork@example.org,|jqhtrj,student
stevenjohns@example.org,|jqhtrj,student
fuentesderrick@example.org,|jqhtrj,student
robinsonwayne@example.net,|jqhtrj,student
mfranklin@example.org,|jqhtrj,student
rachelhoward@example.com,|jqhtrj,student
acox@example.org,|jqhtrj,student
susan37@example.com,|jqhtrj,student
shannonpatterson@example.com,|jqhtrj,student
daniel27@example.org,|jqhtrj,student
jmiller@example.com,|jqhtrj,student
webberic@example.com,|jqhtrj,student
thomaschristopher@example.com,|jqhtrj,student
josephhaney@example.com,|jqhtrj,student
smithcharles@example.net,|jqhtrj,student
ineal@example.com,|jqhtrj,student
anitaunderwood@example.net,|jqhtrj,student
melinda69@example.org,|jqhtrj,student
rpatel@example.com,|jqhtrj,student
monique03@example.com,|jqhtrj,student
mclaughlincolton@example.org,|jqhtrj,student
pattonamanda@example.org,|jqhtrj,student
greenstephanie@example.com,|jqhtrj,student
rasmussenjessica@example.com,|jqhtrj,student
jnguyen@example.org,|jqhtrj,student
fstokes@example.net,|jqhtrj,student
allisoncalhoun@example.net,|jqhtrj,student
jeffreyyoung@example.com,|jqhtrj,student
blairdonald@example.org,|jqhtrj,student
cynthiamiller@example.net,|jqhtrj,student
ayalahelen@example.com,|jqhtrj,student
arnoldsean@example.net,|jqhtrj,student
hendersongina@example.org,|jqhtrj,student
robert91@example.org,|jqhtrj,student
gwilliams@example.com,|jqhtrj,student
jmorton@example.org,|jqhtrj,student
clifford95@example.net,|jqhtrj,student
jacobweber@example.net,|jqhtrj,student
johnsonrebecca@example.org,|jqhtrj,student
kimberly98@example.org,|jqhtrj,student
russoteresa@example.net,|jqhtrj,student
dakotawelch@example.net,|jqhtrj,student
gregorycollier@example.org,|jqhtrj,student
bendergary@example.org,|jqhtrj,student
coconnell@example.com,|jqhtrj,student
isaiah58@example.net,|jqhtrj,student
joel64@example.org,|jqhtrj,student
petersenstephanie@example.net,|jqhtrj,student
howardkevin@example.com,|jqhtrj,student
yolandaprice@example.net,|jqhtrj,student
amylandry@example.com,|jqhtrj,student
timothy79@example.com,|jqhtrj,student
ashley38@example.net,|jqhtrj,student
christensenkristin@example.org,|jqhtrj,student
ypalmer@example.org,|jqhtrj,student
osolis@example.org,|jqhtrj,student
jeffreyrangel@example.com,|jqhtrj,student
cynthiaayers@example.com,|jqhtrj,student
jared39@example.com,|jqhtrj,student
regina51@example.net,|jqhtrj,student
bdonaldson@example.net,|jqhtrj,student
collinsgary@example.net,|jqhtrj,student
lcarrillo@example.org,|jqhtrj,student
meaganharper@example.net,|jqhtrj,student
wilsoncody@example.org,|jqhtrj,student
mariadunn@example.net,|jqhtrj,student
fjackson@example.org,|jqhtrj,student
matthew24@example.net,|jqhtrj,student
andrew42@example.org,|jqhtrj,student
philip29@example.com,|jqhtrj,student
wlowe@example.com,|jqhtrj,student
vcoleman@example.net,|jqhtrj,student
valerie01@example.org,|jqhtrj,student
matthewneal@example.com,|jqhtrj,student
richard37@example.net,|jqhtrj,student
jacksonjacob@example.org,|jqhtrj,student
vzavala@example.org,|jqhtrj,student
kennethstone@example.com,|jqhtrj,student
moorekevin@example.org,|jqhtrj,student
coreylowery@example.net,|jqhtrj,student
brandonphillips@example.com,|jqhtrj,student
nathan55@example.com,|jqhtrj,student
jose32@example.com,|jqhtrj,student
carpenterryan@example.org,|jqhtrj,student
xzamora@example.org,|jqhtrj,student
austin75@example.net,|jqhtrj,student
terrancecox@example.net,|jqhtrj,student
grubio@example.net,|jqhtrj,student
sheilalamb@example.net,|jqhtrj,student
adamssherry@example.net,|jqhtrj,student
julialeach@example.net,|jqhtrj,student
jcoleman@example.org,|jqhtrj,student
johnsonjody@example.org,|jqhtrj,student
joshuamartinez@example.org,|jqhtrj,student
william86@example.net,|jqhtrj,student
katherine55@example.org,|jqhtrj,student
garybauer@example.net,|jqhtrj,student
bergjon@example.net,|jqhtrj,student
madams@example.com,|jqhtrj,student
danielmcpherson@example.net,|jqhtrj,student
nixonjennifer@example.com,|jqhtrj,student
john03@example.com,|jqhtrj,student
martinezgavin@example.net,|jqhtrj,student
rhondasanchez@example.org,|jqhtrj,student
morganthomas@example.com,|jqhtrj,student
ybrandt@example.net,|jqhtrj,student
nortiz@example.com,|jqhtrj,student
hardytyler@example.net,|jqhtrj,student
welchpaul@example.org,|jqhtrj,student
ramirezstephanie@example.com,|jqhtrj,student
samantha64@example.com,|jqhtrj,student
lauren30@example.com,|jqhtrj,student
lisagordon@example.net,|jqhtrj,student
samantha31@example.com,|jqhtrj,student
thomas52@example.com,|jqhtrj,student
laurenthompson@example.com,|jqhtrj,student
uweaver@example.org,|jqhtrj,student
ktodd@example.org,|jqhtrj,student
brownrobert@example.org,|jqhtrj,student
samuel26@example.com,|jqhtrj,student
teresa04@example.net,|jqhtrj,student
stewartrachel@example.com,|jqhtrj,student
roberthughes@example.net,|jqhtrj,student
josephmadden@example.com,|jqhtrj,student
michael78@example.org,|jqhtrj,student
cguzman@example.org,|jqhtrj,student
xpeck@example.com,|jqhtrj,student
townsendjoan@example.net,|jqhtrj,student
catherine35@example.net,|jqhtrj,student
courtney74@example.net,|jqhtrj,student
jessehall@example.org,|jqhtrj,student
kaitlyn23@example.net,|jqhtrj,student
wmunoz@example.org,|jqhtrj,student
lwoods@example.org,|jqhtrj,student
ecarter@example.net,|jqhtrj,student
crystalmunoz@example.com,|jqhtrj,student
goodmanjamie@example.net,|jqhtrj,student
brooke23@example.org,|jqhtrj,student
yatestimothy@example.com,|jqhtrj,student
leslie77@example.com,|jqhtrj,student
clayton08@example.com,|jqhtrj,student
pjones@example.org,|jqhtrj,student
baileyernest@example.com,|jqhtrj,student
thomas17@example.org,|jqhtrj,student
robertstrong@example.org,|jqhtrj,student
patrickowen@example.net,|jqhtrj,student
karen81@example.net,|jqhtrj,student
xchurch@example.org,|jqhtrj,student
walkeredward@example.net,|jqhtrj,student
barbaramckay@example.net,|jqhtrj,student
iwright@example.org,|jqhtrj,student
annleonard@example.org,|jqhtrj,student
kathrynnorton@example.org,|jqhtrj,student
schwartzmatthew@example.net,|jqhtrj,student
dsmith@example.org,|jqhtrj,student
matthew69@example.org,|jqhtrj,student
yprice@example.com,|jqhtrj,student
chelsea03@example.org,|jqhtrj,student
gblackburn@example.com,|jqhtrj,student
oscar08@example.com,|jqhtrj,student
joshua49@example.com,|jqhtrj,student
jallen@example.org,|jqhtrj,student
kevin64@example.net,|jqhtrj,student
renee12@example.net,|jqhtrj,student
thernandez@example.net,|jqhtrj,student
mirandacook@example.com,|jqhtrj,student
brandy39@example.org,|jqhtrj,student
hortonlynn@example.net,|jqhtrj,student
andersondanielle@example.org,|jqhtrj,student
jeremygarrett@example.com,|jqhtrj,student
ablackburn@example.net,|jqhtrj,student
cschwartz@example.org,|jqhtrj,student
rcampos@example.com,|jqhtrj,student
owilliams@example.com,|jqhtrj,student
amber75@example.net,|jqhtrj,student
nicole76@example.org,|jqhtrj,student
oliverjuan@example.org,|jqhtrj,student
carla87@example.org,|jqhtrj,student
sthompson@example.org,|jqhtrj,student
wernerkatherine@example.org,|jqhtrj,student
ana95@example.net,|jqhtrj,student
milleralison@example.com,|jqhtrj,student
melissaclark@example.net,|jqhtrj,student
watsonmorgan@example.net,|jqhtrj,student
erikasmith@example.net,|jqhtrj,student
corey03@example.org,|jqhtrj,student
patriciamitchell@example.com,|jqhtrj,student
garciasabrina@example.com,|jqhtrj,student
crystallane@example.net,|jqhtrj,student
ethomas@example.com,|jqhtrj,student
barrettvirginia@example.net,|jqhtrj,student
glester@example.com,|jqhtrj,student
william80@example.org,|jqhtrj,student
linpatricia@example.com,|jqhtrj,student
amandaharris@example.com,|jqhtrj,student
elizabethdickson@example.net,|jqhtrj,student
kristen73@example.org,|jqhtrj,student
pettydanielle@example.org,|jqhtrj,student
michelle25@example.com,|jqhtrj,student
greencheryl@example.com,|jqhtrj,student
richardbennett@example.com,|jqhtrj,student
sgarza@example.com,|jqhtrj,student
tamaraskinner@example.net,|jqhtrj,student
tiffany12@example.com,|jqhtrj,student
medinasamuel@example.net,|jqhtrj,student
john50@example.com,|jqhtrj,student
weaverjerry@example.net,|jqhtrj,student
danielgeorge@example.net,|jqhtrj,student
randolphpaula@example.net,|jqhtrj,student
operry@example.org,|jqhtrj,student
daniel22@example.net,|jqhtrj,student
kathrynchen@example.com,|jqhtrj,student
james56@example.org,|jqhtrj,student
swalters@example.com,|jqhtrj,student
heatherbrown@example.com,|jqhtrj,student
wsmith@example.net,|jqhtrj,student
ccraig@example.com,|jqhtrj,student
hannahwood@example.com,|jqhtrj,student
slee@example.net,|jqhtrj,student
vaughnbrandon@example.com,|jqhtrj,student
cantrellrobert@example.net,|jqhtrj,student
karen10@example.com,|jqhtrj,student
ali@example.org,|jqhtrj,student
ryanrhodes@example.org,|jqhtrj,student
melodyfisher@example.net,|jqhtrj,student
lindsaycastillo@example.org,|jqhtrj,student
schmittjason@example.org,|jqhtrj,student
dvasquez@example.net,|jqhtrj,student
clarkjanet@example.com,|jqhtrj,student
martindouglas@example.com,|jqhtrj,student
watersdarius@example.com,|jqhtrj,student
daniellejimenez@example.org,|jqhtrj,student
dustin98@example.com,|jqhtrj,student
debra73@example.com,|jqhtrj,student
troyjennings@example.com,|jqhtrj,student
kgonzales@example.net,|jqhtrj,student
joseph37@example.net,|jqhtrj,student
ashleyclark@example.net,|jqhtrj,student
hector15@example.com,|jqhtrj,student
david92@example.com,|jqhtrj,student
jessica42@example.net,|jqhtrj,student
cmiller@example.net,|jqhtrj,student
stricklandcheryl@example.org,|jqhtrj,student
kelly70@example.org,|jqhtrj,student
foxpeter@example.com,|jqhtrj,student
mitchell38@example.com,|jqhtrj,student
tonyclark@example.org,|jqhtrj,student
joseph44@example.net,|jqhtrj,student
sryan@example.com,|jqhtrj,student
williamwillis@example.org,|jqhtrj,student
kevin40@example.org,|jqhtrj,student
shepherdmelissa@example.org,|jqhtrj,student
justinstokes@example.org,|jqhtrj,student
melinda18@example.com,|jqhtrj,student
troy74@example.com,|jqhtrj,student
paulpratt@example.com,|jqhtrj,student
brownnicholas@example.net,|jqhtrj,student
xperry@example.org,|jqhtrj,student
veronica87@example.org,|jqhtrj,student
brownjudith@example.net,|jqhtrj,student
andersonjennifer@example.com,|jqhtrj,student
kathy48@example.org,|jqhtrj,student
woodardedward@example.org,|jqhtrj,student
valenciakevin@example.com,|jqhtrj,student
copelandcarrie@example.org,|jqhtrj,student
xdixon@example.com,|jqhtrj,student
david21@example.org,|jqhtrj,student
james57@example.com,|jqhtrj,student
davidbrown@example.net,|jqhtrj,student
darrellhayes@example.org,|jqhtrj,student
jwhite@example.net,|jqhtrj,student
melissa33@example.com,|jqhtrj,student
kyle52@example.net,|jqhtrj,student
evansemily@example.net,|jqhtrj,student
zachary31@example.com,|jqhtrj,student
dwilson@example.net,|jqhtrj,student
paulnelson@example.com,|jqhtrj,student
barnettamanda@example.com,|jqhtrj,student
valerierodriguez@example.com,|jqhtrj,student
carly03@example.com,|jqhtrj,student
donald33@example.net,|jqhtrj,student
chloe51@example.com,|jqhtrj,student
johnsonmegan@example.com,|jqhtrj,student
williamsmallory@example.org,|jqhtrj,student
phillipbell@example.com,|jqhtrj,student
klewis@example.org,|jqhtrj,student
stacyhicks@example.org,|jqhtrj,student
pbrooks@example.net,|jqhtrj,student
amber49@example.com,|jqhtrj,student
iturner@example.net,|jqhtrj,student
jonathan83@example.net,|jqhtrj,student
sarah12@example.org,|jqhtrj,student
david41@example.net,|jqhtrj,student
emmabailey@example.com,|jqhtrj,student
woodwardanita@example.net,|jqhtrj,student
kylegrant@example.com,|jqhtrj,student
afisher@example.com,|jqhtrj,student
sharon51@example.com,|jqhtrj,student
annettedavidson@example.com,|jqhtrj,student
brownmary@example.com,|jqhtrj,student
boydclifford@example.net,|jqhtrj,student
wbrown@example.net,|jqhtrj,student
jasonholden@example.net,|jqhtrj,student
denisejordan@example.com,|jqhtrj,student
fieldsemily@example.org,|jqhtrj,student
rhodesmegan@example.org,|jqhtrj,student
amber34@example.com,|jqhtrj,student
paul46@example.org,|jqhtrj,student
glawrence@example.net,|jqhtrj,student
mhoward@example.net,|jqhtrj,student
emma92@example.com,|jqhtrj,student
elizabethandrews@example.net,|jqhtrj,student
turnerrachel@example.org,|jqhtrj,student
vtodd@example.com,|jqhtrj,student
jeffrey17@example.net,|jqhtrj,student
payneashley@example.com,|jqhtrj,student
crobertson@example.net,|jqhtrj,student
evan23@example.org,|jqhtrj,student
hjackson@example.com,|jqhtrj,student
yrodriguez@example.org,|jqhtrj,student
butlerwilliam@example.net,|jqhtrj,student
natasha44@example.net,|jqhtrj,student
sara23@example.com,|jqhtrj,student
christinacannon@example.org,|jqhtrj,student
matthewallen@example.org,|jqhtrj,student
aaron08@example.net,|jqhtrj,student
reginald16@example.com,|jqhtrj,student
crystal81@example.org,|jqhtrj,student
anthony82@example.org,|jqhtrj,student
ashley22@example.net,|jqhtrj,student
juan67@example.com,|jqhtrj,student
bnovak@example.net,|jqhtrj,student
moorewilliam@example.net,|jqhtrj,student
dillondodson@example.org,|jqhtrj,student
kimberlyphillips@example.org,|jqhtrj,student
gomezstephanie@example.com,|jqhtrj,student
blee@example.com,|jqhtrj,student
wallacemaria@example.net,|jqhtrj,student
howardharris@example.com,|jqhtrj,student
kevin89@example.com,|jqhtrj,student
njohnson@example.com,|jqhtrj,student
alexandria01@example.com,|jqhtrj,student
fwalters@example.com,|jqhtrj,student
jennifer30@example.org,|jqhtrj,student
umack@example.net,|jqhtrj,student
tara11@example.net,|jqhtrj,student
nkim@example.com,|jqhtrj,student
bobby29@example.net,|jqhtrj,student
lrobertson@example.net,|jqhtrj,student
fdixon@example.net,|jqhtrj,student
randallhill@example.net,|jqhtrj,student
devinbrown@example.org,|jqhtrj,student
bryan88@example.net,|jqhtrj,student
angelahicks@example.org,|jqhtrj,student
dlamb@example.net,|jqhtrj,student
natasha99@example.com,|jqhtrj,student
ahorne@example.net,|jqhtrj,student
melissa01@example.com,|jqhtrj,student
ojohnson@example.org,|jqhtrj,student
jose65@example.net,|jqhtrj,student
rachelvelasquez@example.com,|jqhtrj,student
michelegarcia@example.com,|jqhtrj,student
nicoleboone@example.com,|jqhtrj,student
rhartman@example.org,|jqhtrj,student
danielle81@example.org,|jqhtrj,student
lgoodman@example.org,|jqhtrj,student
richard43@example.com,|jqhtrj,student
jonathanaguilar@example.net,|jqhtrj,student
gnunez@example.com,|jqhtrj,student
wangkevin@example.com,|jqhtrj,student
gloverashley@example.net,|jqhtrj,student
reedjoshua@example.com,|jqhtrj,student
campbellmichelle@example.org,|jqhtrj,student
angelabarber@example.org,|jqhtrj,student
kylegarcia@example.net,|jqhtrj,student
richardmunoz@example.net,|jqhtrj,student
bookerlisa@example.com,|jqhtrj,student
cbrown@example.org,|jqhtrj,student
joseph89@example.net,|jqhtrj,student
promero@example.net,|jqhtrj,student
nfreeman@example.net,|jqhtrj,student
sydney43@example.net,|jqhtrj,student
efleming@example.org,|jqhtrj,student
jessica66@example.org,|jqhtrj,student
rogerskristine@example.com,|jqhtrj,student
kristinmartinez@example.com,|jqhtrj,student
santiagoelizabeth@example.net,|jqhtrj,student
camerondenise@example.net,|jqhtrj,student
qwiley@example.net,|jqhtrj,student
fuentesyolanda@example.com,|jqhtrj,student
mhancock@example.org,|jqhtrj,student
vmcmahon@example.org,|jqhtrj,student
christina32@example.net,|jqhtrj,student
westnicole@example.org,|jqhtrj,student
jmurray@example.net,|jqhtrj,student
kimberlysuarez@example.com,|jqhtrj,student
timothy97@example.org,|jqhtrj,student
michael34@example.net,|jqhtrj,student
reneehenson@example.com,|jqhtrj,student
joseph06@example.com,|jqhtrj,student
dontaylor@example.net,|jqhtrj,student
josephturner@example.net,|jqhtrj,student
amandamartin@example.net,|jqhtrj,student
wwalsh@example.net,|jqhtrj,student
annette97@example.net,|jqhtrj,student
meaganmorris@example.net,|jqhtrj,student
mclaughlinwilliam@example.net,|jqhtrj,student
hrivera@example.org,|jqhtrj,student
sandra82@example.org,|jqhtrj,student
lawrencegreen@example.com,|jqhtrj,student
zcrawford@example.com,|jqhtrj,student
hpruitt@example.com,|jqhtrj,student
harveydustin@example.net,|jqhtrj,student
phayes@example.org,|jqhtrj,student
bartlettjessica@example.org,|jqhtrj,student
sherry15@example.org,|jqhtrj,student
adamrios@example.net,|jqhtrj,student
ojohnson@example.net,|jqhtrj,student
ilawrence@example.org,|jqhtrj,student
melissa49@example.org,|jqhtrj,student
brendapayne@example.org,|jqhtrj,student
dlam@example.com,|jqhtrj,student
kenneth70@example.com,|jqhtrj,student
mclark@example.net,|jqhtrj,student
holly86@example.org,|jqhtrj,student
angel47@example.net,|jqhtrj,student
chaseallen@example.com,|jqhtrj,student
james14@example.com,|jqhtrj,student
fsalazar@example.com,|jqhtrj,student
mistyorozco@example.com,|jqhtrj,student
davilalarry@example.net,|jqhtrj,student
tyler45@example.com,|jqhtrj,student
meyerjason@example.net,|jqhtrj,student
emayer@example.net,|jqhtrj,student
michaeltracy@example.net,|jqhtrj,student
markwallace@example.com,|jqhtrj,student
jason57@example.org,|jqhtrj,student
erich@example.net,|jqhtrj,student
sarahblackburn@example.org,|jqhtrj,student
zjohnston@example.net,|jqhtrj,student
gregory92@example.com,|jqhtrj,student
wisejames@example.org,|jqhtrj,student
andrew56@example.net,|jqhtrj,student
msmall@example.org,|jqhtrj,student
smithcarlos@example.net,|jqhtrj,student
wadejohn@example.com,|jqhtrj,student
baldwinjodi@example.net,|jqhtrj,student
kimberly95@example.com,|jqhtrj,student
johnsonnicholas@example.org,|jqhtrj,student
andrew02@example.net,|jqhtrj,student
cjohnson@example.com,|jqhtrj,student
joseph66@example.net,|jqhtrj,student
leegregory@example.com,|jqhtrj,student
davidmartinez@example.org,|jqhtrj,student
patriciamoody@example.net,|jqhtrj,student
paul74@example.net,|jqhtrj,student
cmartinez@example.com,|jqhtrj,student
lisa54@example.net,|jqhtrj,student
matthew07@example.net,|jqhtrj,student
bishopapril@example.org,|jqhtrj,student
dlambert@example.com,|jqhtrj,student
samuelbutler@example.com,|jqhtrj,student
sheltonwilliam@example.com,|jqhtrj,student
cnavarro@example.net,|jqhtrj,student
timkidd@example.net,|jqhtrj,student
davidowen@example.net,|jqhtrj,student
rmunoz@example.net,|jqhtrj,student
ywhitaker@example.org,|jqhtrj,student
hknight@example.net,|jqhtrj,student
samuelnelson@example.net,|jqhtrj,student
wanderson@example.net,|jqhtrj,student
nelsonjerry@example.net,|jqhtrj,student
gloverhannah@example.com,|jqhtrj,student
howeamanda@example.net,|jqhtrj,student
debramcintyre@example.org,|jqhtrj,student
david70@example.net,|jqhtrj,student
wanda09@example.net,|jqhtrj,student
osteele@example.net,|jqhtrj,student
adamsjennifer@example.net,|jqhtrj,student
fbennett@example.org,|jqhtrj,student
sandra11@example.org,|jqhtrj,student
marshalledwin@example.net,|jqhtrj,student
cruzdavid@example.org,|jqhtrj,student
patrick74@example.com,|jqhtrj,student
goodmanbrenda@example.net,|jqhtrj,student
jacqueline76@example.com,|jqhtrj,student
cassidy10@example.net,|jqhtrj,student
katherine35@example.com,|jqhtrj,student
katherinemcdonald@example.org,|jqhtrj,student
ochoasteven@example.com,|jqhtrj,student
diane55@example.com,|jqhtrj,student
rkrause@example.com,|jqhtrj,student
qturner@example.net,|jqhtrj,student
irobbins@example.org,|jqhtrj,student
perezjacob@example.org,|jqhtrj,student
egarcia@example.org,|jqhtrj,student
harpergina@example.org,|jqhtrj,student
qking@example.org,|jqhtrj,student
danielgriffin@example.net,|jqhtrj,student
mcintoshpamela@example.net,|jqhtrj,student
candice22@example.org,|jqhtrj,student
halescott@example.net,|jqhtrj,student
cochranjesus@example.org,|jqhtrj,student
wongjennifer@example.net,|jqhtrj,student
ggonzales@example.org,|jqhtrj,student
cmeyers@example.net,|jqhtrj,student
bgibson@example.net,|jqhtrj,student
lbrown@example.net,|jqhtrj,student
angela79@example.net,|jqhtrj,student
michaelcook@example.net,|jqhtrj,student
angelajones@example.org,|jqhtrj,student
achan@example.net,|jqhtrj,student
juanwatkins@example.net,|jqhtrj,student
julia45@example.org,|jqhtrj,student
jose18@example.net,|jqhtrj,student
tharris@example.com,|jqhtrj,student
jacquelinesmith@example.net,|jqhtrj,student
rhansen@example.net,|jqhtrj,student
montgomerylinda@example.com,|jqhtrj,student
ithompson@example.com,|jqhtrj,student
ofloyd@example.org,|jqhtrj,student
jjensen@example.org,|jqhtrj,student
laratammy@example.com,|jqhtrj,student
gardnercatherine@example.net,|jqhtrj,student
cameron46@example.net,|jqhtrj,student
nburke@example.net,|jqhtrj,student
jesuslee@example.com,|jqhtrj,student
tonyaglass@example.com,|jqhtrj,student
perezharold@example.org,|jqhtrj,student
bcummings@example.net,|jqhtrj,student
iwilliams@example.com,|jqhtrj,student
berryariel@example.com,|jqhtrj,student
allisonlong@example.com,|jqhtrj,student
marywilliams@example.com,|jqhtrj,student
timothy50@example.com,|jqhtrj,student
kathy97@example.org,|jqhtrj,student
susan49@example.org,|jqhtrj,student
barnettzachary@example.net,|jqhtrj,student
tina57@example.net,|jqhtrj,student
samanthabeasley@example.org,|jqhtrj,student
yhardy@example.net,|jqhtrj,student
davidmelton@example.org,|jqhtrj,student
owensrobert@example.com,|jqhtrj,student
lopezdaniel@example.net,|jqhtrj,student
janetnewman@example.org,|jqhtrj,student
xbaxter@example.org,|jqhtrj,student
sarah34@example.net,|jqhtrj,student
smithjames@example.com,|jqhtrj,student
myerstanner@example.com,|jqhtrj,student
larry42@example.net,|jqhtrj,student
rodneychaney@example.net,|jqhtrj,student
judygentry@example.org,|jqhtrj,student
nealmichael@example.org,|jqhtrj,student
vmcintosh@example.com,|jqhtrj,student
drodgers@example.net,|jqhtrj,student
ejackson@example.com,|jqhtrj,student
shawn22@example.org,|jqhtrj,student
millercarla@example.net,|jqhtrj,student
kenneth75@example.org,|jqhtrj,student
wilsonangela@example.org,|jqhtrj,student
smithcarrie@example.org,|jqhtrj,student
mike17@example.org,|jqhtrj,student
mkennedy@example.org,|jqhtrj,student
dgilbert@example.com,|jqhtrj,student
rrobinson@example.com,|jqhtrj,student
zachary92@example.org,|jqhtrj,student
rachelcampos@example.org,|jqhtrj,student
jamesforbes@example.org,|jqhtrj,student
kathy69@example.net,|jqhtrj,student
petersonjonathan@example.com,|jqhtrj,student
jennifer12@example.com,|jqhtrj,student
perryclark@example.net,|jqhtrj,student
wbarnett@example.net,|jqhtrj,student
michelle52@example.org,|jqhtrj,student
qbennett@example.com,|jqhtrj,student
imcgrath@example.org,|jqhtrj,student
oscarstevens@example.net,|jqhtrj,student
johnsonshawn@example.net,|jqhtrj,student
rosedavid@example.com,|jqhtrj,student
brian44@example.com,|jqhtrj,student
andrewdorsey@example.org,|jqhtrj,student
gabriela04@example.org,|jqhtrj,student
robin62@example.com,|jqhtrj,student
hmartinez@example.org,|jqhtrj,student
johnny61@example.com,|jqhtrj,student
andersenbrian@example.org,|jqhtrj,student
arnoldbrett@example.com,|jqhtrj,student
ghull@example.net,|jqhtrj,student
ysmith@example.net,|jqhtrj,student
kaitlyn85@example.net,|jqhtrj,student
kenneth86@example.org,|jqhtrj,student
angela27@example.net,|jqhtrj,student
wking@example.com,|jqhtrj,student
wheelerbrittany@example.org,|jqhtrj,student
sullivanhaley@example.net,|jqhtrj,student
leejames@example.org,|jqhtrj,student
qadams@example.com,|jqhtrj,student
michaelmartin@example.net,|jqhtrj,student
alexisstephens@example.org,|jqhtrj,student
ngomez@example.com,|jqhtrj,student
marynguyen@example.com,|jqhtrj,student
weaverricky@example.net,|jqhtrj,student
eric43@example.net,|jqhtrj,student
rachel60@example.net,|jqhtrj,student
nmelendez@example.net,|jqhtrj,student
beth45@example.org,|jqhtrj,student
littlepatrick@example.org,|jqhtrj,student
nelsonglenn@example.org,|jqhtrj,student
pachecokaren@example.net,|jqhtrj,student
dhudson@example.org,|jqhtrj,student
gina81@example.com,|jqhtrj,student
ugarrison@example.com,|jqhtrj,student
xbowen@example.com,|jqhtrj,student
riverasarah@example.net,|jqhtrj,student
vleblanc@example.net,|jqhtrj,student
nwallace@example.com,|jqhtrj,student
michellewalker@example.net,|jqhtrj,student
yryan@example.org,|jqhtrj,student
lramos@example.com,|jqhtrj,student
shanna@example.org,|jqhtrj,student
kluna@example.org,|jqhtrj,student
bwang@example.org,|jqhtrj,student
charlescoleman@example.net,|jqhtrj,student
ruizalexandra@example.com,|jqhtrj,student
ibeasley@example.net,|jqhtrj,student
cynthia89@example.net,|jqhtrj,student
kevincalhoun@example.com,|jqhtrj,student
matthewmiller@example.org,|jqhtrj,student
charles50@example.org,|jqhtrj,student
rcross@example.org,|jqhtrj,student
matthew76@example.com,|jqhtrj,student
mark64@example.com,|jqhtrj,student
jonesbreanna@example.com,|jqhtrj,student
cmoore@example.net,|jqhtrj,student
cathyphillips@example.com,|jqhtrj,student
sally37@example.com,|jqhtrj,student
katiehorn@example.com,|jqhtrj,student
jillharris@example.org,|jqhtrj,student
melissapollard@example.net,|jqhtrj,student
wilsonomar@example.net,|jqhtrj,student
michelle37@example.net,|jqhtrj,student
beverly33@example.net,|jqhtrj,student
ralph21@example.net,|jqhtrj,student
greenemitchell@example.net,|jqhtrj,student
kgross@example.org,|jqhtrj,student
bmcbride@example.com,|jqhtrj,student
wgreen@example.org,|jqhtrj,student
nvillanueva@example.org,|jqhtrj,student
milleradam@example.com,|jqhtrj,student
lauraprice@example.com,|jqhtrj,student
robertjenkins@example.org,|jqhtrj,student
mariabarnett@example.org,|jqhtrj,student
lewisannette@example.com,|jqhtrj,student
desiree98@example.net,|jqhtrj,student
kstevens@example.org,|jqhtrj,student
hmorton@example.net,|jqhtrj,student
russellpenny@example.net,|jqhtrj,student
thomasashley@example.com,|jqhtrj,student
douglasvillanueva@example.net,|jqhtrj,student
colemichael@example.net,|jqhtrj,student
iwebster@example.org,|jqhtrj,student
kthomas@example.net,|jqhtrj,student
linda17@example.com,|jqhtrj,student
jgordon@example.net,|jqhtrj,student
paul09@example.net,|jqhtrj,student
tclayton@example.org,|jqhtrj,student
richard34@example.org,|jqhtrj,student
bushannette@example.net,|jqhtrj,student
rmoon@example.net,|jqhtrj,student
brandi29@example.com,|jqhtrj,student
johnsonmercedes@example.com,|jqhtrj,student
franklinbrad@example.org,|jqhtrj,student
vthompson@example.org,|jqhtrj,student
brittany56@example.net,|jqhtrj,student
cclayton@example.net,|jqhtrj,student
oneal@example.org,|jqhtrj,student
igardner@example.com,|jqhtrj,student
qsanchez@example.org,|jqhtrj,student
elizabethmoore@example.net,|jqhtrj,student
craig81@example.net,|jqhtrj,student
kaylee50@example.net,|jqhtrj,student
christopherkelly@example.org,|jqhtrj,student
richard30@example.net,|jqhtrj,student
april13@example.com,|jqhtrj,student
xmoss@example.org,|jqhtrj,student
rachel45@example.net,|jqhtrj,student
monicajohnson@example.org,|jqhtrj,student
mariagross@example.net,|jqhtrj,student
harperstephanie@example.org,|jqhtrj,student
abauer@example.com,|jqhtrj,student
john48@example.org,|jqhtrj,student
randyadams@example.org,|jqhtrj,student
uortiz@example.com,|jqhtrj,student
jessica72@example.org,|jqhtrj,student
dmorgan@example.net,|jqhtrj,student
znelson@example.net,|jqhtrj,student
lawrencecristian@example.net,|jqhtrj,student
courtney37@example.net,|jqhtrj,student
obrienjohn@example.net,|jqhtrj,student
joneschelsea@example.com,|jqhtrj,student
sjones@example.net,|jqhtrj,student
hooverricardo@example.com,|jqhtrj,student
dawndavis@example.org,|jqhtrj,student
uhoward@example.net,|jqhtrj,student
conwayjared@example.org,|jqhtrj,student
ypotts@example.net,|jqhtrj,student
jodi04@example.net,|jqhtrj,student
deborah13@example.com,|jqhtrj,student
ericksonrichard@example.net,|jqhtrj,student
belindagriffin@example.net,|jqhtrj,student
hernandezsharon@example.org,|jqhtrj,student
laura08@example.org,|jqhtrj,student
deborahedwards@example.com,|jqhtrj,student
darius01@example.net,|jqhtrj,student
dianarussell@example.com,|jqhtrj,student
bestrada@example.net,|jqhtrj,student
lisa83@example.com,|jqhtrj,student
zoe20@example.org,|jqhtrj,student
jessica87@example.org,|jqhtrj,student
heatherstevens@example.org,|jqhtrj,student
amy87@example.org,|jqhtrj,student
brendahurst@example.org,|jqhtrj,student
holly25@example.net,|jqhtrj,student
petertaylor@example.net,|jqhtrj,student
burnsedwin@example.com,|jqhtrj,student
johnathanmendoza@example.net,|jqhtrj,student
lewismichael@example.com,|jqhtrj,student
fowlerkimberly@example.com,|jqhtrj,student
joshuawilliams@example.org,|jqhtrj,student
susan28@example.net,|jqhtrj,student
robert65@example.org,|jqhtrj,student
bgomez@example.net,|jqhtrj,student
greeneraymond@example.com,|jqhtrj,student
joshua58@example.com,|jqhtrj,student
mendozacarl@example.com,|jqhtrj,student
carolinelopez@example.org,|jqhtrj,student
johnsimpson@example.com,|jqhtrj,student
johnathan92@example.net,|jqhtrj,student
eduardoestes@example.org,|jqhtrj,student
ebonyharmon@example.com,|jqhtrj,student
xscott@example.org,|jqhtrj,student
toni46@example.org,|jqhtrj,student
tina30@example.com,|jqhtrj,student
burtonedward@example.com,|jqhtrj,student
spowell@example.com,|jqhtrj,student
jprice@example.org,|jqhtrj,student
johnjones@example.com,|jqhtrj,student
ylopez@example.org,|jqhtrj,student
hernandezmichael@example.com,|jqhtrj,student
angela86@example.com,|jqhtrj,student
beverly06@example.org,|jqhtrj,student
hudsonamy@example.com,|jqhtrj,student
nkidd@example.org,|jqhtrj,student
iwhite@example.org,|jqhtrj,student
susan93@example.net,|jqhtrj,student
danielzamora@example.com,|jqhtrj,student
moodyapril@example.org,|jqhtrj,student
mauricejohnson@example.org,|jqhtrj,student
bergmarie@example.net,|jqhtrj,student
jameslee@example.com,|jqhtrj,student
keith08@example.com,|jqhtrj,student
barajasrobert@example.net,|jqhtrj,student
linda06@example.org,|jqhtrj,student
vasquezkeith@example.org,|jqhtrj,student
hsnow@example.com,|jqhtrj,student
danielaustin@example.com,|jqhtrj,student
kimberly21@example.com,|jqhtrj,student
soniachandler@example.com,|jqhtrj,student
zmoore@example.net,|jqhtrj,student
grossisabella@example.org,|jqhtrj,student
chankenneth@example.net,|jqhtrj,student
martinezlance@example.net,|jqhtrj,student
garciatammy@example.net,|jqhtrj,student
geoffreykline@example.com,|jqhtrj,student
barkeremily@example.org,|jqhtrj,student
lmiles@example.com,|jqhtrj,student
swiggins@example.net,|jqhtrj,student
graysean@example.org,|jqhtrj,student
richard20@example.org,|jqhtrj,student
abanks@example.org,|jqhtrj,student
georgehill@example.com,|jqhtrj,student
cynthia66@example.com,|jqhtrj,student
jean12@example.net,|jqhtrj,student
wendy81@example.net,|jqhtrj,student
adamsandrew@example.com,|jqhtrj,student
ashley69@example.net,|jqhtrj,student
ghensley@example.net,|jqhtrj,student
edwardslisa@example.com,|jqhtrj,student
wilsonmiguel@example.org,|jqhtrj,student
earlberry@example.org,|jqhtrj,student
colleen75@example.org,|jqhtrj,student
brownadam@example.org,|jqhtrj,student
smithnicholas@example.com,|jqhtrj,student
kanejames@example.org,|jqhtrj,student
garzaholly@example.org,|jqhtrj,student
ynash@example.org,|jqhtrj,student
josephhernandez@example.com,|jqhtrj,student
longcarl@example.net,|jqhtrj,student
kevin39@example.net,|jqhtrj,student
vhood@example.com,|jqhtrj,student
steven64@example.net,|jqhtrj,student
andersoncharles@example.net,|jqhtrj,student
carlawagner@example.com,|jqhtrj,student
xmartin@example.net,|jqhtrj,student
ihickman@example.net,|jqhtrj,student
isaiahsmith@example.net,|jqhtrj,student
gcrawford@example.com,|jqhtrj,student
christinamcconnell@example.com,|jqhtrj,student
brandon50@example.org,|jqhtrj,student
blackmatthew@example.com,|jqhtrj,student
nguyenkimberly@example.net,|jqhtrj,student
fsanchez@example.net,|jqhtrj,student
smithalyssa@example.net,|jqhtrj,student
anna03@example.com,|jqhtrj,student
joshuacain@example.net,|jqhtrj,student
wbenson@example.net,|jqhtrj,student
sandrawalters@example.net,|jqhtrj,student
ilee@example.org,|jqhtrj,student
steven70@example.com,|jqhtrj,student
mcculloughmichael@example.org,|jqhtrj,student
virginia82@example.com,|jqhtrj,student
vasquezjill@example.net,|jqhtrj,student
christopherperkins@example.org,|jqhtrj,student
fmurray@example.org,|jqhtrj,student
romanrobert@example.net,|jqhtrj,student
brookemclaughlin@example.org,|jqhtrj,student
macdonaldshelia@example.net,|jqhtrj,student
silvabryan@example.org,|jqhtrj,student
dawnharrison@example.net,|jqhtrj,student
stacey58@example.org,|jqhtrj,student
matthewlee@example.com,|jqhtrj,student
michael57@example.org,|jqhtrj,student
tanyayates@example.org,|jqhtrj,student
qshaffer@example.net,|jqhtrj,student
pateljesus@example.com,|jqhtrj,student
kfranco@example.net,|jqhtrj,student
debra42@example.com,|jqhtrj,student
elizabethpetty@example.org,|jqhtrj,student
brownjessica@example.org,|jqhtrj,student
corysantana@example.com,|jqhtrj,student
tammy11@example.com,|jqhtrj,student
troy09@example.org,|jqhtrj,student
qhernandez@example.net,|jqhtrj,student
jerry44@example.com,|jqhtrj,student
christopher40@example.com,|jqhtrj,student
qhines@example.org,|jqhtrj,student
danny14@example.com,|jqhtrj,student
patrick46@example.net,|jqhtrj,student
brittney05@example.com,|jqhtrj,student
tracie01@example.com,|jqhtrj,student
sarah57@example.org,|jqhtrj,student
boltonjacob@example.net,|jqhtrj,student
george25@example.net,|jqhtrj,student
joshua99@example.org,|jqhtrj,student
sschmidt@example.org,|jqhtrj,student
rwelch@example.com,|jqhtrj,student
virginiaharrison@example.net,|jqhtrj,student
darlene81@example.com,|jqhtrj,student
robert55@example.com,|jqhtrj,student
cookdavid@example.net,|jqhtrj,student
tuckerbrandy@example.com,|jqhtrj,student
nnorris@example.com,|jqhtrj,student
erinsmith@example.net,|jqhtrj,student
gilmoreadam@example.org,|jqhtrj,student
ian70@example.org,|jqhtrj,student
nathancoleman@example.org,|jqhtrj,student
qfrank@example.com,|jqhtrj,student
wilsonkimberly@example.org,|jqhtrj,student
zavalakelsey@example.com,|jqhtrj,student
ballgrace@example.org,|jqhtrj,student
robertgonzalez@example.net,|jqhtrj,student
samanthaswanson@example.com,|jqhtrj,student
kknapp@example.com,|jqhtrj,student
ybryant@example.com,|jqhtrj,student
jonesashlee@example.org,|jqhtrj,student
rodneyharmon@example.org,|jqhtrj,student
wilkinstammy@example.net,|jqhtrj,student
jenniferallen@example.org,|jqhtrj,student
bishoprobert@example.net,|jqhtrj,student
fkrause@example.net,|jqhtrj,student
samuel65@example.org,|jqhtrj,student
bakerjohn@example.com,|jqhtrj,student
barry26@example.com,|jqhtrj,student
ronald10@example.com,|jqhtrj,student
traceyfreeman@example.org,|jqhtrj,student
warrenbrooke@example.com,|jqhtrj,student
welchnathan@example.com,|jqhtrj,student
michelledavis@example.com,|jqhtrj,student
crystal71@example.com,|jqhtrj,student
hsimmons@example.org,|jqhtrj,student
jamie65@example.net,|jqhtrj,student
david36@example.net,|jqhtrj,student
nathan52@example.org,|jqhtrj,student
annerodriguez@example.com,|jqhtrj,student
stephennelson@example.org,|jqhtrj,student
randall26@example.net,|jqhtrj,student
bakercarl@example.com,|jqhtrj,student
feliciajackson@example.com,|jqhtrj,student
tmatthews@example.net,|jqhtrj,student
carolkim@example.net,|jqhtrj,student
shawaustin@example.net,|jqhtrj,student
fscott@example.com,|jqhtrj,student
hoganjonathan@example.com,|jqhtrj,student
hammondjustin@example.net,|jqhtrj,student
bakerrobert@example.com,|jqhtrj,student
christina81@example.org,|jqhtrj,student
sandersgabriella@example.net,|jqhtrj,student
omartinez@example.com,|jqhtrj,student
bakerbradley@example.org,|jqhtrj,student
donna08@example.org,|jqhtrj,student
diazkimberly@example.org,|jqhtrj,student
david33@example.net,|jqhtrj,student
hoodjames@example.org,|jqhtrj,student
obraun@example.org,|jqhtrj,student
harold44@example.net,|jqhtrj,student
stanley14@example.org,|jqhtrj,student
amorrison@example.org,|jqhtrj,student
christinewilson@example.com,|jqhtrj,student
brian14@example.org,|jqhtrj,student
georgenicholas@example.org,|jqhtrj,student
stanleypaul@example.org,|jqhtrj,student
timothy91@example.com,|jqhtrj,student
patrickgarrison@example.com,|jqhtrj,student
katherine10@example.net,|jqhtrj,student
smithfrank@example.net,|jqhtrj,student
russellcochran@example.net,|jqhtrj,student
vanessawilliams@example.org,|jqhtrj,student
pamela07@example.org,|jqhtrj,student
katie61@example.net,|jqhtrj,student
yolanda02@example.com,|jqhtrj,student
matthew65@example.net,|jqhtrj,student
rjones@example.net,|jqhtrj,student
jessica56@example.com,|jqhtrj,student
vbrown@example.org,|jqhtrj,student
summer27@example.org,|jqhtrj,student
alexandria12@example.net,|jqhtrj,student
bradley81@example.com,|jqhtrj,student
dcampbell@example.net,|jqhtrj,student
donald50@example.net,|jqhtrj,student
ijones@example.com,|jqhtrj,student
sarah17@example.com,|jqhtrj,student
tmiller@example.com,|jqhtrj,student
hjohnson@example.net,|jqhtrj,student
erin70@example.net,|jqhtrj,student
sbrown@example.org,|jqhtrj,student
whitneylewis@example.net,|jqhtrj,student
drivera@example.com,|jqhtrj,student
vhanna@example.net,|jqhtrj,student
ronaldmckinney@example.com,|jqhtrj,student
robertsashley@example.org,|jqhtrj,student
rodneyfrazier@example.org,|jqhtrj,student
gregory27@example.net,|jqhtrj,student
mobrien@example.org,|jqhtrj,student
jeffrey84@example.com,|jqhtrj,student
nicolelewis@example.org,|jqhtrj,student
jhudson@example.net,|jqhtrj,student
stevenperkins@example.net,|jqhtrj,student
theresavasquez@example.org,|jqhtrj,student
pattersonanna@example.com,|jqhtrj,student
smithmegan@example.net,|jqhtrj,student
rosesherman@example.org,|jqhtrj,student
saratorres@example.net,|jqhtrj,student
jjarvis@example.net,|jqhtrj,student
clarkjoshua@example.com,|jqhtrj,student
xmiller@example.com,|jqhtrj,student
donna50@example.org,|jqhtrj,student
juan92@example.net,|jqhtrj,student
karenaguilar@example.net,|jqhtrj,student
holly98@example.net,|jqhtrj,student
john.daniels@sjsu.edu,|jqhtrj,professor
matthew.powell@sjsu.edu,|jqhtrj,professor
lisa.swanson@sjsu.edu,|jqhtrj,professor
michael.orr@sjsu.edu,|jqhtrj,professor
christopher.cox@sjsu.edu,|jqhtrj,professor
david.gibbs@sjsu.edu,|jqhtrj,professor
gary.lambert@sjsu.edu,|jqhtrj,professor
daniel.ortiz@sjsu.edu,|jqhtrj,professor
jonathan.oliver@sjsu.edu,|jqhtrj,professor
felicia.mcdonald@sjsu.edu,|jqhtrj,professor
brittany.anderson@sjsu.edu,|jqhtrj,professor
samuel.williams@sjsu.edu,|jqhtrj,professor
tara.riley@sjsu.edu,|jqhtrj,professor
blake.davis@sjsu.edu,|jqhtrj,professor
sarah.thomas@sjsu.edu,|jqhtrj,professor
steven.ellis@sjsu.edu,|jqhtrj,professor
brianna.rodriguez@sjsu.edu,|jqhtrj,professor
crystal.gonzalez@sjsu.edu,|jqhtrj,professor
katherine.taylor@sjsu.edu,|jqhtrj,professor
courtney.rose@sjsu.edu,|jqhtrj,professor
elizabeth.miles@sjsu.edu,|jqhtrj,professor
victor.buchanan@sjsu.edu,|jqhtrj,professor
michael.tran@sjsu.edu,|jqhtrj,professor
samantha.campbell@sjsu.edu,|jqhtrj,professor
daniel.finley@sjsu.edu,|jqhtrj,professor
daniel.gallagher@sjsu.edu,|jqhtrj,professor
margaret.hoffman@sjsu.edu,|jqhtrj,professor
annette.larsen@sjsu.edu,|jqhtrj,professor
brenda.russo@sjsu.edu,|jqhtrj,professor
sara.browning@sjsu.edu,|jqhtrj,professor
danny.murphy@sjsu.edu,|jqhtrj,professor
matthew.jones@sjsu.edu,|jqhtrj,professor
mary.sullivan@sjsu.edu,|jqhtrj,professor
andrew.perez@sjsu.edu,|jqhtrj,professor
colin.espinoza@sjsu.edu,|jqhtrj,professor
stephen.smith@sjsu.edu,|jqhtrj,professor
gary.harmon@sjsu.edu,|jqhtrj,professor
joshua.harris@sjsu.edu,|jqhtrj,professor
sarah.russell@sjsu.edu,|jqhtrj,professor
daniel.jackson@sjsu.edu,|jqhtrj,professor
emily.dalton@sjsu.edu,|jqhtrj,professor
mark.miller@sjsu.edu,|jqhtrj,professor
leah.phillips@sjsu.edu,|jqhtrj,professor
frederick.johnson@sjsu.edu,|jqhtrj,professor
heather.bailey@sjsu.edu,|jqhtrj,professor
carol.wright@sjsu.edu,|jqhtrj,professor
andrew.mills@sjsu.edu,|jqhtrj,professor
christy.swanson@sjsu.edu,|jqhtrj,professor
deborah.humphrey@sjsu.edu,|jqhtrj,professor
jose.rush@sjsu.edu,|jqhtrj,professor
tiffany.tran@sjsu.edu,|jqhtrj,professor
laura.long@sjsu.edu,|jqhtrj,professor
laura.solis@sjsu.edu,|jqhtrj,professor
patrick.soto@sjsu.edu,|jqhtrj,professor
